algorithm,seed,status,train_start,train_end,training_iterations,environment_steps,validation_checkpoint,checkpoint_sha256,validation_score,test_completed,raw_results_file,notes
transformer_rl2,42,COMPLETE,2026-09-07 22:14:00,2026-09-08 01:01:09,100,400000,D:\Project\tmrl\fault_benchmark_results\transformer_seed_42\best_validation_checkpoint.pt,0c16bff27e1257054aa650ab3aea476334181d81508462f7e056da9525609b20,1895.7464,True,D:\Project\tmrl\fault_benchmark_results\transformer_seed_42\final_test_raw_episodes.csv,Primary latency gap G = -136.4152
transformer_rl2,43,COMPLETE,2026-09-07 22:14:03,2026-09-08 01:01:21,100,400000,D:\Project\tmrl\fault_benchmark_results\transformer_seed_43\best_validation_checkpoint.pt,0b2e364755df9bacb8e368693ae03bb155624e09926b5dd78633feb572e3c381,1798.1678,True,D:\Project\tmrl\fault_benchmark_results\transformer_seed_43\final_test_raw_episodes.csv,Primary latency gap G = -319.8858
transformer_rl2,44,COMPLETE,2026-09-07 22:14:05,2026-09-08 01:00:44,100,400000,D:\Project\tmrl\fault_benchmark_results\transformer_seed_44\best_validation_checkpoint.pt,fd0f884d006d3dc7f8418c75b63f10bd7c8ab25dbad6ebef5acdde96ea77d34f,764.7175,True,D:\Project\tmrl\fault_benchmark_results\transformer_seed_44\final_test_raw_episodes.csv,Primary latency gap G = +517.8072
transformer_rl2,45,COMPLETE,2026-09-07 22:14:05,2026-09-08 01:01:27,100,400000,D:\Project\tmrl\fault_benchmark_results\transformer_seed_45\best_validation_checkpoint.pt,c1c568f545d4f3057913bfb3878bfb2241be90f31b5f9b3b1239a04ea5d4fe13,1748.2192,True,D:\Project\tmrl\fault_benchmark_results\transformer_seed_45\final_test_raw_episodes.csv,Primary latency gap G = -5.0525
transformer_rl2,46,COMPLETE,2026-09-08 01:12:31,2026-09-08 03:38:10,100,400000,D:\Project\tmrl\fault_benchmark_results\transformer_seed_46\best_validation_checkpoint.pt,e94ec3692f058864c740f5ca4e8aadb68bc6a570b0078c67bc204bd6a896a9fe,1181.5662,True,D:\Project\tmrl\fault_benchmark_results\transformer_seed_46\final_test_raw_episodes.csv,Primary latency gap G = -315.0522
transformer_rl2,47,COMPLETE,2026-09-08 01:12:46,2026-09-08 03:38:05,100,400000,D:\Project\tmrl\fault_benchmark_results\transformer_seed_47\best_validation_checkpoint.pt,8a07023c98164273807cb19d1541609358c34bd1818c2bab91eae9aadd25170d,2107.8098,True,D:\Project\tmrl\fault_benchmark_results\transformer_seed_47\final_test_raw_episodes.csv,Primary latency gap G = -276.9971
transformer_rl2,48,COMPLETE,2026-09-08 01:13:01,2026-09-08 03:38:34,100,400000,D:\Project\tmrl\fault_benchmark_results\transformer_seed_48\best_validation_checkpoint.pt,3065d3bd5a0388554c964e31703159d7b5b5ad4b4d50a3056fc6c03bd78bfb42,1357.0741,True,D:\Project\tmrl\fault_benchmark_results\transformer_seed_48\final_test_raw_episodes.csv,Primary latency gap G = +147.8551
transformer_rl2,49,COMPLETE,2026-09-08 01:13:24,2026-09-08 03:38:23,100,400000,D:\Project\tmrl\fault_benchmark_results\transformer_seed_49\best_validation_checkpoint.pt,67bd801acfba49a99b5d468ae42487eb160f8c13471d70e4f62d72bfebd135d3,1969.4463,True,D:\Project\tmrl\fault_benchmark_results\transformer_seed_49\final_test_raw_episodes.csv,Primary latency gap G = -106.9389
reactive_robust_baseline,42,COMPLETE,2026-09-08 03:45:25,2026-09-08 04:38:11,100,400000,D:\Project\tmrl\fault_benchmark_results\reactive_seed_42\best_validation_checkpoint.pt,ca08694c6dec87cde57f4524653c1235fd4db83498d64117d533a482874504f3,1938.0013,True,D:\Project\tmrl\fault_benchmark_results\reactive_seed_42\final_test_raw_episodes.csv,Primary latency return = +448.9378
reactive_robust_baseline,43,COMPLETE,2026-09-08 03:45:30,2026-09-08 04:38:12,100,400000,D:\Project\tmrl\fault_benchmark_results\reactive_seed_43\best_validation_checkpoint.pt,42c174d410051f22a1710aaf7f41f5f86fae1835128bb269e00f3c8b8df1f71e,2465.9104,True,D:\Project\tmrl\fault_benchmark_results\reactive_seed_43\final_test_raw_episodes.csv,Primary latency return = +568.0461
reactive_robust_baseline,44,COMPLETE,2026-09-08 03:45:51,2026-09-08 04:38:37,100,400000,D:\Project\tmrl\fault_benchmark_results\reactive_seed_44\best_validation_checkpoint.pt,810f815c679a838c71e467e7ecedb74e05326a6e994c6e7abc6270792a47a32e,1980.0536,True,D:\Project\tmrl\fault_benchmark_results\reactive_seed_44\final_test_raw_episodes.csv,Primary latency return = +473.3285
reactive_robust_baseline,45,COMPLETE,2026-09-08 03:45:51,2026-09-08 04:39:15,100,400000,D:\Project\tmrl\fault_benchmark_results\reactive_seed_45\best_validation_checkpoint.pt,4af4386c26cc2cd567a7c6d5fce847d058ec23be4d79b5c5a3fd15c604325259,1792.4675,True,D:\Project\tmrl\fault_benchmark_results\reactive_seed_45\final_test_raw_episodes.csv,Primary latency return = +525.5856
reactive_robust_baseline,46,COMPLETE,2026-09-08 04:39:56,2026-09-08 05:34:17,100,400000,D:\Project\tmrl\fault_benchmark_results\reactive_seed_46\best_validation_checkpoint.pt,ab5078e04f9c30d82ae2106d7f83e1cf7153bedd40364b617c612d12ae05801c,1769.6071,True,D:\Project\tmrl\fault_benchmark_results\reactive_seed_46\final_test_raw_episodes.csv,Primary latency return = +357.2292
reactive_robust_baseline,47,COMPLETE,2026-09-08 04:40:02,2026-09-08 05:34:05,100,400000,D:\Project\tmrl\fault_benchmark_results\reactive_seed_47\best_validation_checkpoint.pt,d5239653f03ce0a4c92535be72f59c89591cdbc9648935cc0dcd7ea3db44fa20,2033.9379,True,D:\Project\tmrl\fault_benchmark_results\reactive_seed_47\final_test_raw_episodes.csv,Primary latency return = +392.2241
reactive_robust_baseline,48,COMPLETE,2026-09-08 04:40:17,2026-09-08 05:35:14,100,400000,D:\Project\tmrl\fault_benchmark_results\reactive_seed_48\best_validation_checkpoint.pt,f6842481193c060b5a11dbcadb74e5d7729330ba9cf21ff06d82a49da26233ed,1790.6253,True,D:\Project\tmrl\fault_benchmark_results\reactive_seed_48\final_test_raw_episodes.csv,Primary latency return = +417.4392
reactive_robust_baseline,49,COMPLETE,2026-09-08 04:41:17,2026-09-08 05:36:30,100,400000,D:\Project\tmrl\fault_benchmark_results\reactive_seed_49\best_validation_checkpoint.pt,ecf815d8e9ad1872cf1e67024cacf4c691e1d4b609cc40515d48a9d0eab3cbc8,2294.9439,True,D:\Project\tmrl\fault_benchmark_results\reactive_seed_49\final_test_raw_episodes.csv,Primary latency return = +395.2653
