condition,seed,adaptive_return,no_history_return,adaptation_gap_G,reactive_return,control_advantage_D
test_latency,42,574.3194,710.7346,-136.4152,448.9378,125.3816
test_latency,43,407.9227,727.8086,-319.8858,568.0461,-160.1234
test_latency,44,411.6195,-106.1877,517.8072,473.3285,-61.7090
test_latency,45,392.7333,397.7858,-5.0525,525.5856,-132.8522
test_latency,46,292.1035,607.1557,-315.0522,357.2292,-65.1257
test_latency,47,557.2930,834.2901,-276.9971,392.2241,165.0689
test_latency,48,547.6899,399.8348,147.8551,417.4392,130.2507
test_latency,49,569.6333,676.5722,-106.9389,395.2653,174.3680
test_dead,42,2560.3638,2490.1477,70.2161,2464.5173,95.8465
test_dead,43,1802.3361,1973.4050,-171.0690,2336.9974,-534.6613
test_dead,44,853.0395,1508.2278,-655.1883,2653.9817,-1800.9421
test_dead,45,2315.2100,2070.3604,244.8496,2424.4384,-109.2283
test_dead,46,1292.0206,1770.1530,-478.1325,2354.1114,-1062.0909
test_dead,47,2321.2152,2146.1153,175.0999,2556.2305,-235.0153
test_dead,48,2016.4256,2004.9744,11.4513,2256.5732,-240.1475
test_dead,49,2274.1450,2511.7844,-237.6394,2719.4572,-445.3121
test_sign_flip,42,1427.0670,1402.5446,24.5223,1315.6516,111.4153
test_sign_flip,43,1153.7164,1381.0857,-227.3694,1316.2525,-162.5361
test_sign_flip,44,568.9618,1003.7895,-434.8277,1474.0131,-905.0513
test_sign_flip,45,1436.6363,1288.5285,148.1078,1565.7809,-129.1445
test_sign_flip,46,1006.1427,1401.4265,-395.2839,1209.0515,-202.9089
test_sign_flip,47,1014.5354,1258.3122,-243.7768,1320.3954,-305.8600
test_sign_flip,48,1100.6135,1036.7877,63.8258,1174.0284,-73.4149
test_sign_flip,49,1302.5689,1545.4934,-242.9245,1097.1332,205.4357
